line_id	speech_text	translation_status	voice_role	source_speaker	chapter	scene	order	display_text
ch3_002	ひ……久しぶりだね、基生君。	draft	成年爱理	爱理	chapter3	S01	633	很……很久不见了呢，基生君。
ch3_003	こんなところで会うなんて、びっくりしちゃった。	draft	成年爱理	爱理	chapter3	S01	634	居然在这种地方碰到，真是吓了我一跳呢。
ch3_005	今日は野乃ちゃんと来てるの……覚えてる？ 野乃ちゃん。	draft	成年爱理	爱理	chapter3	S01	636	我今天是和小野乃一起来的……你还记得吗？小野乃。
ch3_006	一緒に海を見に行かないかって、野乃ちゃんに誘われて、それで……	draft	成年爱理	爱理	chapter3	S01	637	因为小野乃问我要不要一起去看海，所以我就跟着来了……
ch3_008	あ、そうだ。野乃ちゃん、向こうで写真を撮ってくるって言ってたんだけど、まだ戻ってこないんだよね？	draft	成年爱理	爱理	chapter3	S01	639	啊，对了。小野乃说要去对面那个地方拍照，结果倒是到现在都还没有回来啦？
ch3_009	ふふ……昔と変わらないね。	draft	成年爱理	爱理	chapter3	S01	640	呵呵……她还是和以前一样呢。
ch3_020	それにしても、すごい偶然だね！ こんなこと、本当にあるんだね。	draft	成年爱理	爱理	chapter3	S01	644	话说回来，能遇见你真是太巧了呢！没想到真的会有这么巧的事呢。
ch3_022	……そういえば。	draft	成年爱理	爱理	chapter3	S01	646	……说起来啊。
ch3_023	基生君は、誰かと一緒に来てるの？	draft	成年爱理	爱理	chapter3	S01	647	基生君你，是跟人一起来的吗？
ch3_033	基生？	draft	成年爱理	爱理	chapter3	S01	651	基生？
ch3_038	あ、ごめん。懐かしくなっちゃって……つい、昔みたいに……	draft	成年爱理	爱理	chapter3	S01	655	啊，对不起。我觉得太怀念了……一不小心又像以前那样……
ch3_065	あのね……私、ずっと……基生君に、謝らなきゃいけないって、思ってたの。	draft	成年爱理	爱理	chapter3	S01	672	那个啊……我呢，一直……都认为，必须，和基生君你道个歉。
ch3_066	十年前のこと……今思えば、もっといい解決の仕方があったんだよね。	draft	成年爱理	爱理	chapter3	S01	673	10 年前的事情……现在想起来，是有更好的解决办法的。
ch3_069	でも、あの頃の私には、そんな余裕がなかった。	draft	成年爱理	爱理	chapter3	S01	675	但是、那个时候的我已经无暇顾及这些了。
ch3_070	もう、どうしようもなくて、自分がどうすればいいのか、全然分からなくて。	draft	成年爱理	爱理	chapter3	S01	676	我已经束手无策、完全不知道自己该怎么办才好。
ch3_074	だって、あの頃、基生の隣にいたのは、私じゃなかったから。	draft	成年爱理	爱理	chapter3	S01	678	毕竟、那个时候陪伴在基生身旁的人、并不是我。
ch3_075	あの頃、基生の隣にいたのは、	draft	成年爱理	爱理	chapter3	S01	679	那个时候陪伴在基生身旁的、
ch3_077	作り物の愛理だったんだよね……	draft	成年爱理	爱理	chapter3	S01	680	是虚构的爱理呢……
ch3_081	作り物って……そう言うと、少し大げさかな。	draft	成年爱理	爱理	chapter3	S01	684	虚构的……这样说，其实是有些夸大了。
ch3_084	あの……高校を卒業してすぐ、私は何も言わずに、基生の前からいなくなったでしょ。	draft	成年爱理	爱理	chapter3	S01	687	那个……高中毕业后的我，不是什么话都没留下，就立刻从基生的身边消失了吗。
ch3_085	あれね、本当は、お父さんとお母さんにそうするように言われたの。	draft	成年爱理	爱理	chapter3	S01	688	那个呢，其实是爸爸和妈妈让我那样去做的。
ch3_086	お父さんとお母さんが……	draft	成年爱理	爱理	chapter3	S01	689	爸爸和妈妈……
ch3_087	毎日、私が浮かない顔をしてるから、何があったのかって聞いてくれたの。	draft	成年爱理	爱理	chapter3	S01	690	因为看到我每天都是一副愁眉苦脸的样子，所以才找我问了事情的原委。
ch3_094	基生と一緒にいた頃、私、本当はずっと無理して笑ってた。	draft	成年爱理	爱理	chapter3	S01	695	我还和基生在一起的时候，其实一直在强颜欢笑。
ch3_095	無理をして……いつでも明るくて元気な私でいようとしてたの。	draft	成年爱理	爱理	chapter3	S01	696	勉强自己维持着……那副无论何时都开朗活泼的模样。
ch3_096	……だって、ご両親が離婚してから、基生はいつもつらそうな顔をしてたから。	draft	成年爱理	爱理	chapter3	S01	697	……因为自从基生父母离婚以后，基生你就总是满脸痛苦的样子。
ch3_097	あの頃の基生は、今にも泣き出してしまいそうに見えたんだ……	draft	成年爱理	爱理	chapter3	S01	698	在我看来，那时候的你真的是好像随时都能哭出来一样……
ch3_098	だから、せめて私がそばにいる時くらいは、少しでも楽しい気持ちになってくれたらって。	draft	成年爱理	爱理	chapter3	S01	699	因此我就想，至少我在基生身边的时候，可以让你稍微高兴一些就好了。
ch3_099	そうすれば、少しずつ暗い気持ちから抜け出して、昔の明るい基生に戻ってくれるって思ったの。	draft	成年爱理	爱理	chapter3	S01	700	这样就可以慢慢地让你从阴霾中走出，变回原来开朗的基生。
ch3_100	基生に笑ってもらうには、まず私が笑って、楽しい気持ちを分けてあげなきゃって。	draft	成年爱理	爱理	chapter3	S01	701	所以为了让基生开心，第一步要做的就是我要笑起来，并把快乐带给基生。
ch3_101	自分では、精いっぱい考えて、頑張っていたつもりだった。	draft	成年爱理	爱理	chapter3	S01	702	我自以为已经耗空了心思，费尽了努力。
ch3_103	でも……	draft	成年爱理	爱理	chapter3	S01	706	但是……
ch3_104	そんな自分で、ずっといられるわけじゃなかった。	draft	成年爱理	爱理	chapter3	S01	707	那种样子是没办法一直维持下去的。
ch3_105	続けられると思ってたけど、できなかったの。	draft	成年爱理	爱理	chapter3	S01	708	我曾以为自己能坚持下去，结果我做不到。
ch3_106	だって、そうやって無理して基生の前で笑っている私は、本当の私じゃなかったから……	draft	成年爱理	爱理	chapter3	S01	709	因为那样勉强自己、在基生面前笑着的我，不能算是真正的我……
ch3_107	だから、あの頃、基生の隣にいたのは、作り物の愛理だったんだって。	draft	成年爱理	爱理	chapter3	S01	710	因此，才会说那个时候陪伴在基生身边的，是虚构的爱理。
ch3_109	あの頃の基生は、つらかったんだよね。	draft	成年爱理	爱理	chapter3	S01	713	那个时候的基生很痛苦吧。
ch3_110	でも、本当は私もつらかったの。	draft	成年爱理	爱理	chapter3	S01	714	但是，其实我也很痛苦。
ch3_111	いつも悲しそうな基生を隣で見ていると、私まで苦しくなった。	draft	成年爱理	爱理	chapter3	S01	715	在身旁看着总是一脸悲伤的基生，让我的心里也很难受。
ch3_112	あの頃、基生は心の中のことをたくさん話してくれたよね。つらいことも、悲しいことも、不安なことも。	draft	成年爱理	爱理	chapter3	S01	716	虽然那时候的你向我倾诉了心中很多的事情，有心中的痛苦，还有自己的悲伤和不安。
ch3_113	でも、私は自分の言いたいことを、基生に話せなかった。	draft	成年爱理	爱理	chapter3	S01	717	但是我却没有和基生倾诉我心里想要说的话。
ch3_114	つらそうな基生をずっと見ていたから、自分のつらさなんて、大したことじゃないって思ってたの。	draft	成年爱理	爱理	chapter3	S01	718	因为一直看着这样痛苦的基生，所以我想着，我自己的痛苦算不上什么。
ch3_115	本当はあの頃、基生に、もっと私のことを気にかけてほしかった。	draft	成年爱理	爱理	chapter3	S01	719	其实那时候，我真的很希望基生你可以多关心我一些。
ch3_116	気にかけてほしいのに、心配しなくていいような顔をしてた。	draft	成年爱理	爱理	chapter3	S01	720	明明想要得到基生的关心，却表现出不用关心的模样。
ch3_117	だって、基生が好きな、明るくて元気な愛理でいたかったから。	draft	成年爱理	爱理	chapter3	S01	721	因为我想做一个基生所喜欢的、开朗健康的爱理。
ch3_118	本当は、あの頃……	draft	成年爱理	爱理	chapter3	S01	722	实际上，在那个时候……
ch3_120	私、基生のことが、本当に大好きだったんだよ。	draft	成年爱理	爱理	chapter3	S01	724	我真的，非常喜欢基生哦。
ch3_121	明るくて元気な愛理のままで、ずっとそばにいることもできなくて……	draft	成年爱理	爱理	chapter3	S01	725	不仅没办法一直维持那样活泼开朗的爱理，待在你的身旁……
ch3_122	そのうえ、何も言わずに、目の前からいなくなって……	draft	成年爱理	爱理	chapter3	S01	726	还没有留下一句话，就从你的面前消失……
ch3_125	……もう、今さらこんなこと言って！	draft	成年爱理	爱理	chapter3	S01	729	……真是的，事到如今我还说这种话！
ch3_126	きっと基生は、こんなこと、とっくに忘れちゃってるよね！	draft	成年爱理	爱理	chapter3	S01	730	想必这种事情，基生你早就忘得一干二净了吧！
ch3_127	だって、もう十年以上前のことだもんね。	draft	成年爱理	爱理	chapter3	S01	731	毕竟，都是十多年前的事情了。
ch3_132	そうだ、私ね……	draft	成年爱理	爱理	chapter3	S01	736	对了，我呢……
ch3_133	来月、結婚するの。	draft	成年爱理	爱理	chapter3	S01	737	下个月就要结婚了。
ch3_137	なんていうか……やっと、大人になったんだなって実感が湧いてきた。	draft	成年爱理	爱理	chapter3	S01	741	怎么说呢……总算是有自己变成大人的实感了。
ch3_138	自分も、もうそんな年なんだなって。	draft	成年爱理	爱理	chapter3	S01	742	发现自己原来已经这个年纪了啊。
ch3_139	考えてることは、昔からあんまり変わってない気がするのにね……	draft	成年爱理	爱理	chapter3	S01	743	明明脑子中所想的事情，好像一直都没怎么变呢……
ch3_141	あっ！	draft	成年爱理	爱理	chapter3	S01	745	啊！
ch3_142	野乃ちゃん！ 今どこ？	draft	成年爱理	爱理	chapter3	S01	746	小野乃！你在哪里？
ch3_143	え？ 橋のほう？ もう、どうして一人で先に行っちゃったの？	draft	成年爱理	爱理	chapter3	S01	747	诶？桥那边？真是的，为什么你一个人先过去了？
ch3_146	ごめん！ 野乃ちゃんのところに行かなきゃ。	draft	成年爱理	爱理	chapter3	S01	750	抱歉！我现在得去找小野乃了。
ch3_147	ちゃんと話ができて、本当によかった。	draft	成年爱理	爱理	chapter3	S01	751	能好好地和你说说话，真是太好了。
ch3_149	それじゃ……	draft	成年爱理	爱理	chapter3	S01	753	那么……
ch3_150	さようなら、基生君。	draft	成年爱理	爱理	chapter3	S01	754	再见了，基生君。
